"Gender (1 =F, 0=M)",260: Star Wars: Episode IV - A New Hope (1977),1210: Star Wars: Episode VI - Return of the Jedi (1983),356: Forrest Gump (1994),"318: Shawshank Redemption, The (1994)","593: Silence of the Lambs, The (1991)",3578: Gladiator (2000),1: Toy Story (1995),2028: Saving Private Ryan (1998),296: Pulp Fiction (1994),1259: Stand by Me (1986),2396: Shakespeare in Love (1998),2916: Total Recall (1990),780: Independence Day (ID4) (1996),541: Blade Runner (1982),1265: Groundhog Day (1993),"2571: Matrix, The (1999)",527: Schindler's List (1993),"2762: Sixth Sense, The (1999)",1198: Raiders of the Lost Ark (1981),34: Babe (1995)
0,3.125,3.0,2.25,3.4,3.3333333333333335,2.8333333333333335,2.3,3.142857142857143,2.625,3.0,2.142857142857143,2.2,2.857142857142857,3.0,3.5,3.142857142857143,3.5,2.6666666666666665,3.6666666666666665,2.0
1,3.4285714285714284,3.0,3.0,3.8,2.7142857142857144,3.0,3.5714285714285716,2.75,4.0,2.4285714285714284,4.25,1.7142857142857142,2.6666666666666665,3.5,2.8333333333333335,2.4,2.5,3.0,2.0,3.4285714285714284
Diff,-0.3035714285714284,0.0,-0.75,-0.3999999999999999,0.6190476190476191,-0.16666666666666652,-1.2714285714285718,0.3928571428571428,-1.375,0.5714285714285716,-2.107142857142857,0.485714285714286,0.1904761904761907,-0.5,0.6666666666666665,0.7428571428571429,1.0,-0.3333333333333335,1.6666666666666665,-1.4285714285714284
